date,skill,model,input_tokens,output_tokens,cache_read,cache_creation
2026-06-29,heartbeat,claude-sonnet-4-6,191862,4122,299016,0
2026-06-29,heartbeat,claude-sonnet-4-6,224685,6596,373760,0
2026-06-29,heartbeat,claude-sonnet-4-6,286247,5843,411125,0
2026-06-30,heartbeat,claude-sonnet-4-6,194519,3538,298984,0
2026-06-30,heartbeat,claude-sonnet-4-6,173592,3037,261639,0
2026-06-30,heartbeat,claude-sonnet-4-6,193985,4369,299016,0
2026-07-01,heartbeat,claude-sonnet-4-6,174280,4719,261625,0
2026-07-01,heartbeat,claude-sonnet-4-6,192852,2923,299008,0
2026-07-01,heartbeat,claude-sonnet-4-6,174656,3434,261625,0
2026-07-02,heartbeat,claude-sonnet-4-6,174779,2757,261632,0
2026-07-02,heartbeat,claude-sonnet-4-6,193074,3606,299008,0
2026-07-02,heartbeat,claude-sonnet-4-6,174777,3900,261639,0
